feature,importance
pm25_lag1,0.7893859153078936
pm25_roll7,0.04657266575926308
co,0.033544819414590664
no2,0.029050434716348817
pm25_roll30,0.02322081876664918
pm25_lag3,0.020056557559332566
pm25_lag7,0.02005211835009325
month,0.010352399018827943
is_dry_season,0.009905183967627506
year,0.008586423743997727
day_of_week,0.007573783828284774
pm10,0.0006394412724793389
loc_Simunye,0.0005616301245473229
loc_Matsapha,0.0004969702011331791
loc_Bhunya,8.379689310443353e-07
