feature,importance
pm25_lag1,0.8847898264187191
pm10,0.022668944189252423
pm25_roll7,0.022358762868201484
pm25_roll30,0.014521151691564036
no2,0.013112643710361976
co,0.010737118701245581
pm25_lag3,0.009842515952330067
pm25_lag7,0.008791714395262825
month,0.0037592913492900952
day_of_week,0.0034319721840770237
is_dry_season,0.0024195959859066637
year,0.001694770399972008
loc_Simunye,0.0009067480901598187
loc_Matsapha,0.0005142419609003094
loc_Bhunya,0.0004507021027564957
