feature,importance
pm10,0.9699440067434302
no2,0.005425500463669678
co,0.005378215542810673
pm25_lag7,0.002872646017278029
day_of_week,0.00252229105188823
pm25_roll7,0.002349484127070865
pm25_roll30,0.002231694395252939
pm25_lag3,0.0020368150584821718
pm25_lag1,0.0019591253936017193
year,0.0012319703577916335
month,0.0012296966596226423
loc_Bhunya,0.0009811288964466228
is_dry_season,0.0009310386344408545
loc_Simunye,0.000682560038976133
loc_Matsapha,0.00022382661923774506
